Address_id,City,Province,Postal_Code,Country,Street
1024,Robertton,Nova Scotia,S4H 5S5,Canada,3152 Hill Valley Apt. 146
8193,Joshuaton,New Brunswick,X2L7M8,Canada,52299 Bowers Square Suite 899
1542,East Erikton,Ontario,J5V3A3,Canada,99150 Baker Crossing
4615,Aaronland,Northwest Territories,Y6T5E9,Canada,9522 Thomas Ramp Apt. 715
7691,Coxfort,Nunavut,J6V5E2,Canada,245 David View Apt. 618
6155,Mcgeeburgh,Alberta,G8K7S1,Canada,94655 Powell Burgs
7700,Garciamouth,Newfoundland and Labrador,G4S 5Y8,Canada,353 Webb Harbor Apt. 198
1044,Bellfurt,Prince Edward Island,C9X 3E9,Canada,22273 Linda Burg
1051,North Darlenetown,Quebec,E6L 9S9,Canada,91936 Lacey Shoals Apt. 022
8735,West Larrymouth,Saskatchewan,N9X 8K9,Canada,9826 Tyler Cape
9763,New Kayla,Alberta,S1N4P6,Canada,79821 Cindy Crest
1576,Port Jeromeland,Newfoundland and Labrador,X7L 6M5,Canada,98627 Morrow Flats Suite 693
4140,Hamiltonville,New Brunswick,N1E 6V5,Canada,7044 Cross Heights
2099,Lake Kaylaberg,New Brunswick,A4M 5Y4,Canada,221 Mills Streets
3637,Coreyport,Nunavut,J4E5A3,Canada,61418 Jones Manors Suite 196
1078,Port Tamara,Northwest Territories,H4B2K1,Canada,2789 Jones Land
9275,Edwardtown,Manitoba,V3M 5N4,Canada,6680 Phillip Pine Apt. 004
3657,East Valerie,Manitoba,E5B9Y9,Canada,2750 Davis Mission Apt. 717
3145,Port Melissa,Newfoundland and Labrador,M7P 8H7,Canada,392 Burnett Fields Suite 915
1110,Leonberg,New Brunswick,A3E 3L2,Canada,0662 Bray Manor
2657,Kennethshire,Prince Edward Island,B6S 3A1,Canada,020 Gabriel Fort
6754,Lake Justin,Prince Edward Island,T1E 9Y1,Canada,59595 Andrew Street
2664,New Latoya,Ontario,A5J3P5,Canada,26600 Jessica Heights
1641,Peterstad,Yukon Territory,N1L5K6,Canada,976 Melissa Loaf
104,Elizabethhaven,Yukon Territory,A9X 9C1,Canada,6348 Moody Walks Apt. 462
3692,New Kevinberg,Manitoba,J4X1P4,Canada,319 Jeremy Locks Apt. 850
6766,Port Xavierview,Ontario,K9H 5H8,Canada,00647 Lori Trail
3695,West Jake,Nunavut,E1J 9P8,Canada,622 Mario Parkway
5253,Sheltonview,Northwest Territories,E4X 2K3,Canada,2945 Brown Extension Apt. 305
4235,Wrighttown,Quebec,K9T 4N5,Canada,801 Miller Creek
2708,Sullivanshire,Manitoba,J6V4G9,Canada,111 Hancock Park
8342,Port Amyside,Saskatchewan,A5H4K2,Canada,3428 Perez Walk Apt. 681
1688,East Jamesland,Ontario,E8G 7N9,Canada,614 Murphy Branch Apt. 632
1689,New Carolineside,Nova Scotia,R3V7L1,Canada,8431 Huynh Trail
664,North Zachary,Yukon Territory,Y6J5B2,Canada,92476 Fisher Corners Suite 822
4256,New Kenneth,Quebec,V8X 4X2,Canada,07610 Phillip Mission Suite 578
2219,West Alexandramouth,Newfoundland and Labrador,N8X 6H5,Canada,431 Regina Fort Apt. 610
684,North Jasonstad,Alberta,N3J 3C6,Canada,882 Lara Course Suite 981
6840,Katherinefort,Yukon Territory,H2P9T8,Canada,9020 King Overpass Apt. 613
9401,Port Lindatown,Northwest Territories,S1Y1C4,Canada,45216 Hernandez Rest
9410,North John,Saskatchewan,X6S8C4,Canada,357 David Mountains
5316,Lake Mark,British Columbia,S8E5K4,Canada,9034 Bradley Mountain
4807,Jonesfurt,Nova Scotia,H6B 2C8,Canada,71590 Danielle Throughway
3290,Port Jasonborough,British Columbia,V5J7A3,Canada,43048 Collier Trafficway Apt. 304
3803,Turnerstad,Quebec,H8M 6R9,Canada,49233 Ortiz Street Suite 004
3824,Nicholsport,Alberta,J8Y7T8,Canada,132 Mary Common Apt. 348
1777,South Seanmouth,Manitoba,V6T 1K5,Canada,9581 Garrett Course
2803,New Zacharyfort,Quebec,C5G3P6,Canada,425 Misty Wells
5366,Banksside,Nunavut,L2Y 5J6,Canada,31816 Schmidt Green Suite 644
3328,Bethberg,Saskatchewan,G7G 4P9,Canada,48708 Kevin Roads
5890,South Chelsealand,Manitoba,C1K 8M7,Canada,7950 Gallegos Extensions Apt. 365
9475,Jonathanmouth,Manitoba,C9N3X6,Canada,35055 Ramirez Neck Suite 295
2822,Jonesberg,Saskatchewan,V4K1G9,Canada,9258 Jennifer Views Apt. 759
2314,Aliland,Nunavut,M6J 8V7,Canada,6834 Vincent Trail
9212,Taylormouth,Yukon Territory,T1H 7Y1,Canada,18426 Ethan Roads Suite 340
1296,West Leslieborough,Newfoundland and Labrador,L1T6A5,Canada,2703 Audrey Shores
4893,Lake Jose,Ontario,V4V 7A8,Canada,5795 Kimberly Mountains
4387,North Kristaview,New Brunswick,V4L9N6,Canada,54983 Sanchez Square Apt. 746
7461,South Amanda,Newfoundland and Labrador,A7C 6S9,Canada,065 Watkins Shore
9513,Georgeshire,Alberta,T7T3G8,Canada,325 Harper Point Apt. 278
4398,Courtneyfurt,Alberta,E4M7G7,Canada,161 Kevin Islands
1328,North Ivanville,Newfoundland and Labrador,V9V 8C2,Canada,95739 Park Extensions Suite 253
9526,North Debra,Nunavut,H1Y 6B4,Canada,1541 Bean Tunnel Apt. 240
4409,New Kara,New Brunswick,L7P 6P5,Canada,5289 Bell Road
3392,Port Larry,Nunavut,H3K7C2,Canada,5989 Gwendolyn Trail
2891,Port Donald,Manitoba,R1P 2T6,Canada,42328 Ana Drive
8533,East Allison,Nova Scotia,X1P8N8,Canada,66891 Miguel Via Apt. 550
4439,Lake Margaret,Ontario,B8G6H8,Canada,126 Andrea Lodge Suite 333
6488,Vegachester,Northwest Territories,M5A 1V5,Canada,98727 Mosley Keys Suite 786
2391,West Josephmouth,Ontario,A3C 9Y5,Canada,501 Hampton Mills Suite 069
8036,Justinchester,Saskatchewan,G4G4K7,Canada,040 Matthew Common Apt. 241
870,New David,New Brunswick,C2R 8Y6,Canada,2656 Heidi Fall Apt. 332
8045,Blakeview,Quebec,Y6V 4J5,Canada,991 Davis Club Suite 610
9583,North Tiffany,Quebec,T5B4C5,Canada,57927 Padilla Divide
4980,Cheyenneberg,Yukon Territory,A7B 7Y2,Canada,769 William Junctions
8570,Jamesburgh,Nunavut,N9T1L2,Canada,154 Douglas Crescent
6015,Port Melindaland,Quebec,J2H 4A5,Canada,815 Cook Neck
9600,Jamesburgh,Alberta,S9E2L5,Canada,4264 Sullivan Lake
1926,Greenebury,Ontario,E1G8P6,Canada,5635 Barnes Squares
1929,Lake Joseph,Prince Edward Island,G3H 3E8,Canada,038 Nicholson Ford Apt. 303
6027,Port Jean,Yukon Territory,M8X4R9,Canada,6893 John Summit Apt. 521
6547,Smithberg,Nova Scotia,P4E6M7,Canada,5172 George Causeway Suite 970
7060,North Justin,Saskatchewan,X1Y 8C7,Canada,1976 Erica Terrace Apt. 042
2456,South Joseph,Manitoba,T2L 2A8,Canada,11461 Murphy Manor
1952,Lake Sherry,Alberta,L9K9C5,Canada,910 Jodi Trafficway
5551,East Roseside,British Columbia,J2S 5S1,Canada,14079 Ronald Falls
6064,Duncanborough,Ontario,E6R1K1,Canada,383 Scott Square
5042,Campbellhaven,Newfoundland and Labrador,P6G2S4,Canada,28522 Copeland Square
2493,Hessport,Prince Edward Island,T9J2E4,Canada,935 Robert Mount
446,South Ronaldland,Newfoundland and Labrador,N5H9G3,Canada,80859 Aaron Field Suite 605
7106,Gordontown,Quebec,T5N3R1,Canada,7988 Griffin Islands Suite 096
5060,East Michael,Ontario,X5H8M1,Canada,41410 Bailey Walk Apt. 307
5577,Lake Brianshire,Nunavut,Y2K1T2,Canada,00856 Carla Brook Apt. 371
6613,Stephenstown,Yukon Territory,M2H 5P9,Canada,5163 Morris Vista Suite 163
9689,East Thomas,Saskatchewan,H3Y1S2,Canada,3051 James Parkways Suite 064
3551,Port Gary,Newfoundland and Labrador,V6P 8N3,Canada,66048 Stark Fall Suite 339
9707,Josephtown,British Columbia,L1L1C3,Canada,060 Morris Station Apt. 748
4592,Christineland,Yukon Territory,T3N 6N6,Canada,07459 Cook Hollow Suite 163
5621,Lake Kylestad,Yukon Territory,N4X 4V1,Canada,3790 Berry Walk
4092,New Matthew,Manitoba,N1X 2V9,Canada,8262 David Stream
