FleetCompany_id,Company_id,FleetCompany_Name,FleetCompany_Email,Address_id,FleetCompany_Phone,FleetCompany_Credit_Limit
9975086512,115,Peterson LLC,mariah38@example.com,1328,1 (164) 362-9141,203370
9972810067,115,Johnston Inc,lisa15@example.net,3695,180-181-0734 x035,963190
9972215192,115,Morales-Maddox,michelle99@example.com,5890,1 (318) 503-7653,553220
9972969963,115,"Rios, Miller and Hayes",howejose@example.net,9689,332-065-1333,220910
9979042986,115,Rivera-Fowler,andersonkyle@example.net,664,271-114-7038,194680
9973523609,115,Reed-Davis,harrisgary@example.com,2822,755.712.5071,379900
9978408783,115,"Norton, Quinn and Hobbs",davisryan@example.com,8342,+1 (914) 421-9247,727900
9973344468,115,"Wiley, Burgess and Scott",robertswesley@example.org,7700,404-283-7417,777900
9978003901,115,"Reyes, Olsen and Simmons",meghanklein@example.net,2664,+1 (639) 818-0385,367680
9974557369,115,Castillo Group,cherylfuentes@example.com,5316,462 264 6564,531920
9975918750,115,Ramirez and Sons,jessica92@example.net,8045,974-588-6636 x796,945020
9979484759,115,Martin LLC,joshuarollins@example.com,3551,151-821-8362 x641,279180
9977126582,115,Reese-Russell,kennethvilla@example.net,3392,498 414 4380,629300
9973960795,115,Ross-Mccullough,sanderson@example.org,1024,+1 (868) 324-7581,768950
9972267973,115,"Erickson, Garcia and Martinez",michelespencer@example.com,8193,+1 (616) 499-1269,112470
9979564986,115,Rodriguez and Sons,andersonsteven@example.net,4235,1 (415) 577-4647,671680
9975155565,115,Rivera-Hines,shawjason@example.com,3692,146 522 9719,727160
9974048904,115,"Johnson, Rich and Campos",michaelbrock@example.net,8193,847 421 3909,800280
9978222477,115,"Herrera, Olson and Chavez",thogan@example.org,9410,(164) 244-2760,975030
9974079276,115,"Moss, Brown and Hernandez",rmedina@example.net,1328,865.011.5018,626350
